,slug,asset,name,date,ranknow,open,high,low,close,volume,market,close_ratio,spread
878,bitcoin,BTC,Bitcoin,28-04-2013,1,101.47500000000001,101.98499999999999,99.07499999999999,100.6575,0,1500520000.0,0.5438,3.88
879,bitcoin,BTC,Bitcoin,29-04-2013,1,100.83,110.6175,100.5,108.405,0,1491160000.0,0.7813,13.49
880,bitcoin,BTC,Bitcoin,30-04-2013,1,108.0,110.1975,100.53750000000001,104.25,0,1597780000.0,0.3843,12.88
881,bitcoin,BTC,Bitcoin,01-05-2013,1,104.25,104.91749999999999,80.78999999999999,87.74249999999999,0,1542820000.0,0.2882,32.17
882,bitcoin,BTC,Bitcoin,02-05-2013,1,87.285,94.19999999999999,69.21000000000001,78.9075,0,1292190000.0,0.3881,33.32
883,bitcoin,BTC,Bitcoin,03-05-2013,1,79.6875,81.0975,59.324999999999996,73.3125,0,1180070000.0,0.6424,29.03
884,bitcoin,BTC,Bitcoin,04-05-2013,1,73.57499999999999,86.25,69.375,84.375,0,1089890000.0,0.8889,22.5
885,bitcoin,BTC,Bitcoin,05-05-2013,1,84.67500000000001,89.1,80.355,86.9325,0,1254760000.0,0.7521,11.66
886,bitcoin,BTC,Bitcoin,06-05-2013,1,86.985,93.495,79.98,84.225,0,1289470000.0,0.3141,18.02
887,bitcoin,BTC,Bitcoin,07-05-2013,1,84.1875,85.08,73.275,83.625,0,1248470000.0,0.8767,15.74
888,bitcoin,BTC,Bitcoin,08-05-2013,1,82.19999999999999,86.83500000000001,82.19999999999999,85.1775,0,1219450000.0,0.6424,6.18
889,bitcoin,BTC,Bitcoin,09-05-2013,1,84.9,85.095,81.94500000000001,84.5025,0,1259980000.0,0.8119,4.2
890,bitcoin,BTC,Bitcoin,10-05-2013,1,84.6,91.5,83.6625,87.9,0,1255970000.0,0.5407,10.45
891,bitcoin,BTC,Bitcoin,11-05-2013,1,88.275,89.01,84.75750000000001,86.42999999999999,0,1311050000.0,0.3933,5.67
892,bitcoin,BTC,Bitcoin,12-05-2013,1,86.73,88.0875,85.08,86.25,0,1288630000.0,0.389,4.01
893,bitcoin,BTC,Bitcoin,13-05-2013,1,86.115,89.025,85.875,88.485,0,1279980000.0,0.8286,4.2
894,bitcoin,BTC,Bitcoin,14-05-2013,1,88.485,89.85,82.6875,83.625,0,1315720000.0,0.1309,9.55
895,bitcoin,BTC,Bitcoin,15-05-2013,1,83.55000000000001,86.8575,77.625,85.66499999999999,0,1242760000.0,0.8708,12.31
896,bitcoin,BTC,Bitcoin,16-05-2013,1,85.66499999999999,89.07000000000001,84.15,89.07000000000001,0,1274620000.0,1.0,6.56
897,bitcoin,BTC,Bitcoin,17-05-2013,1,88.6575,93.975,87.4275,92.265,0,1319590000.0,0.7388,8.73
898,bitcoin,BTC,Bitcoin,18-05-2013,1,92.625,93.9375,91.725,92.625,0,1379140000.0,0.4068,2.95
899,bitcoin,BTC,Bitcoin,19-05-2013,1,92.4075,93.375,89.6775,91.49249999999999,0,1376370000.0,0.4909,4.93
900,bitcoin,BTC,Bitcoin,20-05-2013,1,91.875,92.715,90.09,91.5,0,1368910000.0,0.5371,3.5
901,bitcoin,BTC,Bitcoin,21-05-2013,1,91.515,92.25,90.9075,92.16,0,1363940000.0,0.933,1.79
902,bitcoin,BTC,Bitcoin,22-05-2013,1,92.1675,93.0,91.5,92.9175,0,1374130000.0,0.945,2.0
903,bitcoin,BTC,Bitcoin,23-05-2013,1,92.85,95.1975,92.32499999999999,95.025,0,1384780000.0,0.9399,3.83
904,bitcoin,BTC,Bitcoin,24-05-2013,1,94.725,100.38749999999999,94.28999999999999,99.89999999999999,0,1413300000.0,0.92,8.13
905,bitcoin,BTC,Bitcoin,25-05-2013,1,99.82499999999999,99.91499999999999,96.67500000000001,98.98499999999999,0,1489950000.0,0.713,4.32
906,bitcoin,BTC,Bitcoin,26-05-2013,1,98.9925,102.0,97.965,100.10999999999999,0,1478030000.0,0.5316,5.38
907,bitcoin,BTC,Bitcoin,27-05-2013,1,100.125,101.60249999999999,93.525,97.3125,0,1495520000.0,0.4689,10.77
908,bitcoin,BTC,Bitcoin,28-05-2013,1,97.32750000000001,97.935,94.19999999999999,96.75,0,1454310000.0,0.6827,4.98
909,bitcoin,BTC,Bitcoin,29-05-2013,1,96.75,99.4425,95.745,99.22500000000001,0,1446190000.0,0.9412,4.93
910,bitcoin,BTC,Bitcoin,30-05-2013,1,99.1875,99.1875,95.25,96.60000000000001,0,1483180000.0,0.3429,5.25
911,bitcoin,BTC,Bitcoin,31-05-2013,1,96.60000000000001,97.42500000000001,94.80000000000001,96.75,0,1445050000.0,0.7429,3.5
912,bitcoin,BTC,Bitcoin,01-06-2013,1,96.6075,97.33500000000001,95.4,96.97500000000001,0,1445800000.0,0.814,2.58
913,bitcoin,BTC,Bitcoin,02-06-2013,1,96.97500000000001,97.05000000000001,86.2875,91.7175,0,1451930000.0,0.5045,14.35
914,bitcoin,BTC,Bitcoin,03-06-2013,1,91.875,91.875,87.0,91.66499999999999,0,1376180000.0,0.9569,6.5
915,bitcoin,BTC,Bitcoin,04-06-2013,1,90.55499999999999,92.88,89.32499999999999,91.065,0,1357020000.0,0.4895,4.74
916,bitcoin,BTC,Bitcoin,05-06-2013,1,91.05000000000001,92.60249999999999,89.92500000000001,91.23750000000001,0,1365110000.0,0.4902,3.57
917,bitcoin,BTC,Bitcoin,06-06-2013,1,91.42500000000001,92.32499999999999,87.9375,88.5,0,1371300000.0,0.1282,5.85
918,bitcoin,BTC,Bitcoin,07-06-2013,1,89.22749999999999,89.25,79.815,83.625,0,1338880000.0,0.4038,12.58
919,bitcoin,BTC,Bitcoin,08-06-2013,1,83.25,83.565,80.475,81.225,0,1249630000.0,0.2427,4.12
920,bitcoin,BTC,Bitcoin,09-06-2013,1,80.9175,81.74249999999999,66.375,75.0,0,1215130000.0,0.5612,20.49
921,bitcoin,BTC,Bitcoin,10-06-2013,1,75.33,82.57499999999999,71.25,79.76249999999999,0,1131570000.0,0.7517,15.1
922,bitcoin,BTC,Bitcoin,11-06-2013,1,79.76249999999999,82.19999999999999,78.0,81.67500000000001,0,1198640000.0,0.875,5.6
923,bitcoin,BTC,Bitcoin,12-06-2013,1,81.75,83.8425,80.0475,81.11250000000001,0,1230000000.0,0.2806,5.06
924,bitcoin,BTC,Bitcoin,13-06-2013,1,81.58500000000001,82.725,75.39750000000001,78.0,0,1227030000.0,0.3552,9.77
925,bitcoin,BTC,Bitcoin,14-06-2013,1,77.9625,78.525,73.5,74.985,0,1173060000.0,0.2955,6.7
926,bitcoin,BTC,Bitcoin,15-06-2013,1,75.0,77.775,73.5,74.99249999999999,0,1128950000.0,0.3491,5.7
927,bitcoin,BTC,Bitcoin,16-06-2013,1,74.85,76.19999999999999,74.2125,74.63250000000001,0,1127120000.0,0.2113,2.65
928,bitcoin,BTC,Bitcoin,17-06-2013,1,74.92500000000001,76.6575,74.25,76.275,0,1128720000.0,0.8411,3.21
929,bitcoin,BTC,Bitcoin,18-06-2013,1,76.4625,83.3325,75.77250000000001,80.55000000000001,0,1152250000.0,0.6319,10.08
930,bitcoin,BTC,Bitcoin,19-06-2013,1,80.2875,82.66499999999999,79.3125,81.1875,0,1210260000.0,0.5593,4.47
931,bitcoin,BTC,Bitcoin,20-06-2013,1,81.1875,85.725,80.625,82.61250000000001,0,1224210000.0,0.3897,6.8
932,bitcoin,BTC,Bitcoin,21-06-2013,1,83.4675,86.24249999999999,80.7675,82.125,0,1260000000.0,0.2479,7.3
933,bitcoin,BTC,Bitcoin,22-06-2013,1,82.125,82.47,80.63250000000001,81.225,0,1239210000.0,0.3224,2.45
934,bitcoin,BTC,Bitcoin,23-06-2013,1,81.15,81.6,79.6725,80.69999999999999,0,1224980000.0,0.5331,2.57
935,bitcoin,BTC,Bitcoin,24-06-2013,1,80.92500000000001,81.2475,75.735,77.05499999999999,0,1222030000.0,0.2395,7.35
936,bitcoin,BTC,Bitcoin,25-06-2013,1,76.5675,79.85249999999999,75.75750000000001,77.9625,0,1156610000.0,0.5385,5.46
937,bitcoin,BTC,Bitcoin,26-06-2013,1,77.4975,79.11749999999999,77.0925,78.0,0,1171050000.0,0.4481,2.7
938,bitcoin,BTC,Bitcoin,27-06-2013,1,78.0,78.0,75.82499999999999,76.08,0,1179110000.0,0.1172,2.9
939,bitcoin,BTC,Bitcoin,28-06-2013,1,76.30499999999999,76.30499999999999,69.2475,70.98750000000001,0,1153880000.0,0.2465,9.41
940,bitcoin,BTC,Bitcoin,29-06-2013,1,70.995,74.99249999999999,69.75,71.24249999999999,0,1074010000.0,0.2847,6.99
941,bitcoin,BTC,Bitcoin,30-06-2013,1,71.25,73.59,70.66499999999999,72.4575,0,1078260000.0,0.6128,3.9
942,bitcoin,BTC,Bitcoin,01-07-2013,1,73.13250000000001,73.245,64.725,66.0375,0,1107130000.0,0.154,11.36
943,bitcoin,BTC,Bitcoin,02-07-2013,1,66.0375,69.225,65.63250000000001,67.5975,0,1000070000.0,0.547,4.79
944,bitcoin,BTC,Bitcoin,03-07-2013,1,67.8075,68.235,57.735,58.1475,0,1027160000.0,0.0393,14.0
945,bitcoin,BTC,Bitcoin,04-07-2013,1,59.167500000000004,62.332499999999996,54.0,60.3975,0,896693000.0,0.7678,11.11
946,bitcoin,BTC,Bitcoin,05-07-2013,1,59.99249999999999,60.0,49.1475,51.322500000000005,0,909526000.0,0.2004,14.47
947,bitcoin,BTC,Bitcoin,06-07-2013,1,51.375,56.25,50.114999999999995,52.71,0,779255000.0,0.423,8.18
948,bitcoin,BTC,Bitcoin,07-07-2013,1,51.5625,55.92,49.965,55.92,0,782352000.0,1.0,7.94
949,bitcoin,BTC,Bitcoin,08-07-2013,1,57.375,60.0,54.449999999999996,57.39,0,870912000.0,0.5297,7.4
950,bitcoin,BTC,Bitcoin,09-07-2013,1,57.0,58.724999999999994,54.39,57.5175,0,865585000.0,0.7215,5.78
951,bitcoin,BTC,Bitcoin,10-07-2013,1,57.54,65.25,57.150000000000006,65.07000000000001,0,874138000.0,0.9778,10.8
952,bitcoin,BTC,Bitcoin,11-07-2013,1,66.0,67.71000000000001,63.81,66.735,0,1003090000.0,0.75,5.2
953,bitcoin,BTC,Bitcoin,12-07-2013,1,66.735,78.0,66.1275,70.1925,0,1014640000.0,0.3424,15.83
954,bitcoin,BTC,Bitcoin,13-07-2013,1,70.49249999999999,73.6875,66.045,73.5975,0,1072140000.0,0.9882,10.19
955,bitcoin,BTC,Bitcoin,14-07-2013,1,74.025,74.025,69.645,71.0175,0,1126260000.0,0.3134,5.84
956,bitcoin,BTC,Bitcoin,15-07-2013,1,70.2075,76.42500000000001,69.8325,73.80000000000001,0,1068520000.0,0.6018,8.79
957,bitcoin,BTC,Bitcoin,16-07-2013,1,74.1675,74.895,72.105,73.0875,0,1129260000.0,0.3522,3.72
958,bitcoin,BTC,Bitcoin,17-07-2013,1,72.5325,74.97749999999999,72.135,73.875,0,1104760000.0,0.6121,3.79
959,bitcoin,BTC,Bitcoin,18-07-2013,1,73.875,74.1,64.65,67.935,0,1125660000.0,0.3476,12.6
960,bitcoin,BTC,Bitcoin,19-07-2013,1,67.5525,71.4,65.85,69.1275,0,1029670000.0,0.5905,7.4
961,bitcoin,BTC,Bitcoin,20-07-2013,1,69.0,69.82499999999999,66.9525,67.0425,0,1052140000.0,0.0313,3.83
962,bitcoin,BTC,Bitcoin,21-07-2013,1,67.365,68.9625,66.0,68.07000000000001,0,1027640000.0,0.6987,3.95
963,bitcoin,BTC,Bitcoin,22-07-2013,1,69.0,69.0,67.56,68.7075,0,1050000000.0,0.7969,1.92
964,bitcoin,BTC,Bitcoin,23-07-2013,1,68.69999999999999,72.615,68.69999999999999,71.67,0,1048820000.0,0.7586,5.22
965,bitcoin,BTC,Bitcoin,24-07-2013,1,71.67,71.99249999999999,69.75,70.88250000000001,0,1094490000.0,0.505,2.99
966,bitcoin,BTC,Bitcoin,25-07-2013,1,70.875,72.9975,70.4025,72.67500000000001,0,1082800000.0,0.8757,3.46
967,bitcoin,BTC,Bitcoin,26-07-2013,1,72.7125,73.10249999999999,72.0,72.015,0,1111160000.0,0.0136,1.47
968,bitcoin,BTC,Bitcoin,27-07-2013,1,72.015,72.75,69.75,70.59,0,1100900000.0,0.28,4.0
969,bitcoin,BTC,Bitcoin,28-07-2013,1,70.80000000000001,75.435,70.5,74.82000000000001,0,1082750000.0,0.8754,6.58
970,bitcoin,BTC,Bitcoin,29-07-2013,1,73.94999999999999,76.875,73.8375,75.9,0,1131340000.0,0.679,4.05
971,bitcoin,BTC,Bitcoin,30-07-2013,1,76.11749999999999,80.99249999999999,75.35249999999999,80.99249999999999,0,1164940000.0,1.0,7.52
972,bitcoin,BTC,Bitcoin,31-07-2013,1,80.9625,83.505,77.91,79.5675,0,1239630000.0,0.2962,7.46
973,bitcoin,BTC,Bitcoin,01-08-2013,1,79.6575,81.0,77.25750000000001,78.0,0,1220190000.0,0.1984,4.99
974,bitcoin,BTC,Bitcoin,02-08-2013,1,78.645,81.0,75.9075,78.375,0,1205070000.0,0.4845,6.79
975,bitcoin,BTC,Bitcoin,03-08-2013,1,78.375,79.33500000000001,76.5,78.0,0,1201490000.0,0.5291,3.78
976,bitcoin,BTC,Bitcoin,04-08-2013,1,78.7125,79.4625,77.64,78.855,0,1207100000.0,0.6667,2.43
977,bitcoin,BTC,Bitcoin,05-08-2013,1,78.84,80.8275,78.75,79.66499999999999,0,1209520000.0,0.4404,2.77
978,bitcoin,BTC,Bitcoin,06-08-2013,1,80.03999999999999,80.535,79.17,80.0625,0,1228440000.0,0.6538,1.82
979,bitcoin,BTC,Bitcoin,07-08-2013,1,80.0625,80.0625,80.0625,80.0625,0,1229100000.0,0.0,0.0
980,bitcoin,BTC,Bitcoin,08-08-2013,1,80.0625,80.0625,75.94500000000001,77.25,0,1229100000.0,0.3169,5.49
981,bitcoin,BTC,Bitcoin,09-08-2013,1,77.3025,79.3125,76.455,77.1,0,1187920000.0,0.2257,3.81
982,bitcoin,BTC,Bitcoin,10-08-2013,1,77.1,77.92500000000001,76.8075,77.25,0,1185310000.0,0.396,1.49
983,bitcoin,BTC,Bitcoin,11-08-2013,1,77.25,78.8925,77.0625,78.75,0,1188150000.0,0.9221,2.44
984,bitcoin,BTC,Bitcoin,12-08-2013,1,78.75,81.0,77.625,79.98,0,1211790000.0,0.6978,4.5
985,bitcoin,BTC,Bitcoin,13-08-2013,1,80.24249999999999,82.01249999999999,78.48750000000001,81.75,0,1235340000.0,0.9255,4.7
986,bitcoin,BTC,Bitcoin,14-08-2013,1,82.17,86.25,81.0,84.42,0,1265450000.0,0.6514,7.0
987,bitcoin,BTC,Bitcoin,15-08-2013,1,84.42,84.9375,81.75,82.49249999999999,0,1300660000.0,0.2329,4.25
988,bitcoin,BTC,Bitcoin,16-08-2013,1,82.5,84.225,81.39,81.74249999999999,0,1271470000.0,0.1243,3.78
989,bitcoin,BTC,Bitcoin,17-08-2013,1,81.74249999999999,85.3125,81.16499999999999,85.125,0,1260350000.0,0.9548,5.53
990,bitcoin,BTC,Bitcoin,18-08-2013,1,84.5625,86.0175,84.0,85.125,0,1304320000.0,0.5576,2.69
991,bitcoin,BTC,Bitcoin,19-08-2013,1,85.035,92.295,83.8275,89.25,0,1312160000.0,0.6404,11.29
992,bitcoin,BTC,Bitcoin,20-08-2013,1,89.25,92.25750000000001,88.13250000000001,90.9,0,1377730000.0,0.6709,5.5
993,bitcoin,BTC,Bitcoin,21-08-2013,1,90.9075,93.6825,89.76,92.475,0,1403890000.0,0.6922,5.23
994,bitcoin,BTC,Bitcoin,22-08-2013,1,92.475,92.625,90.44999999999999,90.86250000000001,0,1428700000.0,0.1897,2.9
995,bitcoin,BTC,Bitcoin,23-08-2013,1,91.5,91.5,88.83,88.875,0,1414290000.0,0.0169,3.56
996,bitcoin,BTC,Bitcoin,24-08-2013,1,88.88250000000001,91.0425,88.515,90.0375,0,1374420000.0,0.6024,3.37
997,bitcoin,BTC,Bitcoin,25-08-2013,1,89.69999999999999,92.24249999999999,89.3775,91.5825,0,1387640000.0,0.7696,3.82
998,bitcoin,BTC,Bitcoin,26-08-2013,1,91.5825,92.0625,89.9475,90.045,0,1417200000.0,0.0461,2.82
999,bitcoin,BTC,Bitcoin,27-08-2013,1,90.0525,95.42999999999999,90.0525,94.875,0,1394010000.0,0.8968,7.17
1000,bitcoin,BTC,Bitcoin,28-08-2013,1,94.86,95.49,91.965,91.965,0,1468960000.0,0.0,4.7
1001,bitcoin,BTC,Bitcoin,29-08-2013,1,91.965,92.775,91.6575,91.7925,0,1424680000.0,0.1208,1.49
1002,bitcoin,BTC,Bitcoin,30-08-2013,1,91.76249999999999,101.8125,90.74249999999999,100.1175,0,1422120000.0,0.8469,14.76
1003,bitcoin,BTC,Bitcoin,31-08-2013,1,99.8175,105.66749999999999,99.53999999999999,101.51249999999999,0,1547640000.0,0.3219,8.17
1004,bitcoin,BTC,Bitcoin,01-09-2013,1,101.35499999999999,109.3575,101.1075,103.755,0,1572230000.0,0.3209,11.0
1005,bitcoin,BTC,Bitcoin,02-09-2013,1,103.9725,109.875,101.16749999999999,101.88749999999999,0,1613600000.0,0.0827,11.61
1006,bitcoin,BTC,Bitcoin,03-09-2013,1,101.70750000000001,103.755,99.75,102.57750000000001,0,1579180000.0,0.706,5.34
1007,bitcoin,BTC,Bitcoin,04-09-2013,1,102.39750000000001,108.375,92.7075,95.05499999999999,0,1590550000.0,0.1498,20.89
1008,bitcoin,BTC,Bitcoin,05-09-2013,1,95.07000000000001,98.58,91.3725,94.8225,0,1477250000.0,0.4787,9.61
1009,bitcoin,BTC,Bitcoin,06-09-2013,1,94.86749999999999,95.505,89.36250000000001,89.36250000000001,0,1474670000.0,0.0,8.19
1010,bitcoin,BTC,Bitcoin,07-09-2013,1,89.1675,94.455,88.845,93.11250000000001,0,1386610000.0,0.7607,7.48
1011,bitcoin,BTC,Bitcoin,08-09-2013,1,93.0975,93.53999999999999,90.36749999999999,91.245,0,1448180000.0,0.2766,4.23
1012,bitcoin,BTC,Bitcoin,09-09-2013,1,91.395,96.795,89.8125,95.3325,0,1422180000.0,0.7905,9.31
1013,bitcoin,BTC,Bitcoin,10-09-2013,1,95.4525,97.305,94.42500000000001,94.4325,0,1485960000.0,0.0026,3.84
1014,bitcoin,BTC,Bitcoin,11-09-2013,1,94.4175,103.3725,92.4525,101.4375,0,1470450000.0,0.8228,14.56
1015,bitcoin,BTC,Bitcoin,12-09-2013,1,101.66250000000001,102.06,98.8575,99.8475,0,1583960000.0,0.3091,4.27
1016,bitcoin,BTC,Bitcoin,13-09-2013,1,99.6225,103.185,99.20250000000001,101.23499999999999,0,1552880000.0,0.5104,5.31
1017,bitcoin,BTC,Bitcoin,14-09-2013,1,101.2575,101.88749999999999,96.6525,96.91499999999999,0,1579050000.0,0.0501,6.98
1018,bitcoin,BTC,Bitcoin,15-09-2013,1,97.05000000000001,98.58,96.195,97.7775,0,1514140000.0,0.6635,3.18
1019,bitcoin,BTC,Bitcoin,16-09-2013,1,98.14500000000001,99.53999999999999,97.32750000000001,98.78999999999999,0,1531820000.0,0.661,2.95
1020,bitcoin,BTC,Bitcoin,17-09-2013,1,98.6925,99.57,93.6675,98.745,0,1540880000.0,0.8602,7.87
1021,bitcoin,BTC,Bitcoin,18-09-2013,1,98.7825,99.89999999999999,97.905,98.60249999999999,0,1542870000.0,0.3496,2.66
1022,bitcoin,BTC,Bitcoin,19-09-2013,1,98.5275,98.82750000000001,96.33749999999999,97.23750000000001,0,1539430000.0,0.3614,3.32
1023,bitcoin,BTC,Bitcoin,20-09-2013,1,97.27499999999999,101.715,95.01,95.28,0,1520470000.0,0.0403,8.94
1024,bitcoin,BTC,Bitcoin,21-09-2013,1,95.2125,96.45750000000001,94.67999999999999,95.5725,0,1488870000.0,0.5021,2.37
1025,bitcoin,BTC,Bitcoin,22-09-2013,1,95.9025,100.455,94.9425,96.84,0,1500260000.0,0.3442,7.35
1026,bitcoin,BTC,Bitcoin,23-09-2013,1,96.73499999999999,99.53999999999999,94.245,94.4625,0,1513940000.0,0.0411,7.06
1027,bitcoin,BTC,Bitcoin,24-09-2013,1,94.5375,95.595,94.0425,95.4375,0,1480210000.0,0.8986,2.07
1028,bitcoin,BTC,Bitcoin,25-09-2013,1,95.535,97.2675,95.4975,96.16499999999999,0,1496510000.0,0.3771,2.36
1029,bitcoin,BTC,Bitcoin,26-09-2013,1,96.1575,101.1975,95.49,96.285,0,1506920000.0,0.1393,7.61
1030,bitcoin,BTC,Bitcoin,27-09-2013,1,96.705,101.055,96.3675,100.33500000000001,0,1516020000.0,0.8464,6.25
1031,bitcoin,BTC,Bitcoin,28-09-2013,1,100.32750000000001,101.7225,99.42,101.08500000000001,0,1573400000.0,0.7231,3.07
1032,bitcoin,BTC,Bitcoin,29-09-2013,1,101.17500000000001,105.45750000000001,101.0325,103.005,0,1587290000.0,0.4458,5.9
1033,bitcoin,BTC,Bitcoin,30-09-2013,1,102.86250000000001,103.76249999999999,97.70250000000001,99.75,0,1614350000.0,0.3379,8.08
1034,bitcoin,BTC,Bitcoin,01-10-2013,1,99.51,100.9725,98.66250000000001,99.135,0,1562270000.0,0.2045,3.08
1035,bitcoin,BTC,Bitcoin,02-10-2013,1,99.03750000000001,100.1925,76.6875,85.5975,0,1555470000.0,0.3791,31.34
1036,bitcoin,BTC,Bitcoin,03-10-2013,1,85.8375,92.7225,83.865,92.7225,0,1348700000.0,1.0,11.81
1037,bitcoin,BTC,Bitcoin,04-10-2013,1,92.5575,97.5675,92.5575,96.7575,0,1454900000.0,0.8383,6.68
1038,bitcoin,BTC,Bitcoin,05-10-2013,1,96.4725,97.83,96.02250000000001,96.41250000000001,0,1517020000.0,0.2158,2.41
1039,bitcoin,BTC,Bitcoin,06-10-2013,1,96.27000000000001,97.245,94.61250000000001,96.75,0,1514540000.0,0.812,3.51
1040,bitcoin,BTC,Bitcoin,07-10-2013,1,97.0725,97.70250000000001,94.77,95.205,0,1527760000.0,0.1483,3.91
1041,bitcoin,BTC,Bitcoin,08-10-2013,1,95.05499999999999,95.60249999999999,93.5325,94.5,0,1496500000.0,0.4674,2.76
1042,bitcoin,BTC,Bitcoin,09-10-2013,1,94.38749999999999,98.8125,94.185,98.0175,0,1486510000.0,0.8282,6.17
1043,bitcoin,BTC,Bitcoin,10-10-2013,1,98.0025,98.625,96.945,97.9425,0,1544020000.0,0.5938,2.24
1044,bitcoin,BTC,Bitcoin,11-10-2013,1,98.0625,98.8575,97.22999999999999,98.17500000000001,0,1545600000.0,0.5806,2.17
1045,bitcoin,BTC,Bitcoin,12-10-2013,1,98.17500000000001,101.745,97.92,101.3925,0,1547970000.0,0.9078,5.1
1046,bitcoin,BTC,Bitcoin,13-10-2013,1,101.3925,103.995,100.91250000000001,103.5975,0,1599430000.0,0.871,4.11
1047,bitcoin,BTC,Bitcoin,14-10-2013,1,104.45250000000001,108.09,104.17500000000001,105.39000000000001,0,1648470000.0,0.3103,5.22
1048,bitcoin,BTC,Bitcoin,15-10-2013,1,105.57750000000001,109.04249999999999,104.3475,108.93,0,1667100000.0,0.976,6.26
1049,bitcoin,BTC,Bitcoin,16-10-2013,1,109.23750000000001,114.17249999999999,106.8225,106.91250000000001,0,1725840000.0,0.0122,9.8
1050,bitcoin,BTC,Bitcoin,17-10-2013,1,106.8075,110.565,106.8075,109.6875,0,1688200000.0,0.7665,5.01
1051,bitcoin,BTC,Bitcoin,18-10-2013,1,109.7775,116.97,109.1775,116.97,0,1735750000.0,1.0,10.39
1052,bitcoin,BTC,Bitcoin,19-10-2013,1,116.9325,133.10999999999999,116.77499999999999,129.315,0,1849630000.0,0.7677,21.78
1053,bitcoin,BTC,Bitcoin,20-10-2013,1,128.745,131.1825,126.71249999999999,130.9575,0,2037440000.0,0.9497,5.96
1054,bitcoin,BTC,Bitcoin,21-10-2013,1,131.10000000000002,138.615,131.10000000000002,136.6575,0,2075580000.0,0.7395,10.02
1055,bitcoin,BTC,Bitcoin,22-10-2013,1,136.9875,147.20250000000001,136.9875,145.32,0,2169750000.0,0.8157,13.62
1056,bitcoin,BTC,Bitcoin,23-10-2013,1,145.02,160.215,144.285,160.215,0,2298160000.0,1.0,21.24
1057,bitcoin,BTC,Bitcoin,24-10-2013,1,160.72500000000002,163.065,126.39000000000001,148.67249999999999,0,2548230000.0,0.6076,48.9
1058,bitcoin,BTC,Bitcoin,25-10-2013,1,148.26749999999998,149.1525,126.375,140.01749999999998,0,2351780000.0,0.5989,30.37
1059,bitcoin,BTC,Bitcoin,26-10-2013,1,140.58749999999998,141.3075,131.8125,132.99,0,2231070000.0,0.124,12.66
1060,bitcoin,BTC,Bitcoin,27-10-2013,1,132.45,147.32999999999998,132.45,147.32999999999998,0,2102730000.0,1.0,19.84
1061,bitcoin,BTC,Bitcoin,28-10-2013,1,147.1575,148.965,144.04500000000002,148.91250000000002,0,2337100000.0,0.9893,6.56
1062,bitcoin,BTC,Bitcoin,29-10-2013,1,148.91250000000002,153.5925,148.91250000000002,153.2925,0,2365840000.0,0.9359,6.24
1063,bitcoin,BTC,Bitcoin,30-10-2013,1,153.2925,156.87,149.9775,149.9775,0,2436240000.0,0.0,9.19
1064,bitcoin,BTC,Bitcoin,31-10-2013,1,149.8725,153.885,149.1375,153.0,0,2382870000.0,0.8136,6.33
1065,bitcoin,BTC,Bitcoin,01-11-2013,1,152.925,154.9875,151.5975,154.635,0,2432470000.0,0.896,4.52
1066,bitcoin,BTC,Bitcoin,02-11-2013,1,154.35750000000002,155.82,151.2375,154.665,0,2456330000.0,0.748,6.11
1067,bitcoin,BTC,Bitcoin,03-11-2013,1,154.4925,161.28750000000002,152.9925,161.28750000000002,0,2459520000.0,1.0,11.06
1068,bitcoin,BTC,Bitcoin,04-11-2013,1,160.995,173.2575,160.45499999999998,171.825,0,2564070000.0,0.8881,17.07
1069,bitcoin,BTC,Bitcoin,05-11-2013,1,171.9075,187.995,169.665,183.93,0,2738980000.0,0.7782,24.44
1070,bitcoin,BTC,Bitcoin,06-11-2013,1,183.585,197.25,183.585,196.875,0,2926100000.0,0.9726,18.22
1071,bitcoin,BTC,Bitcoin,07-11-2013,1,196.26,228.1275,196.16250000000002,222.3075,0,3129190000.0,0.8179,42.62
1072,bitcoin,BTC,Bitcoin,08-11-2013,1,223.38750000000002,253.995,222.6975,253.5825,0,3562790000.0,0.9868,41.73
1073,bitcoin,BTC,Bitcoin,09-11-2013,1,253.935,278.115,239.78249999999997,254.3325,0,4051120000.0,0.3796,51.11
1074,bitcoin,BTC,Bitcoin,10-11-2013,1,261.615,263.025,207.93,244.965,0,4174930000.0,0.6722,73.46
1075,bitcoin,BTC,Bitcoin,11-11-2013,1,244.0575,263.4525,233.83499999999998,256.83,0,3896130000.0,0.7764,39.49
1076,bitcoin,BTC,Bitcoin,12-11-2013,1,257.295,272.1075,257.1,270.2475,0,4109060000.0,0.8761,20.01
1077,bitcoin,BTC,Bitcoin,13-11-2013,1,270.7275,310.5375,269.85,305.52750000000003,0,4325400000.0,0.8769,54.25
1078,bitcoin,BTC,Bitcoin,14-11-2013,1,304.8075,319.42499999999995,296.3925,315.15,0,4871600000.0,0.8144,30.71
1079,bitcoin,BTC,Bitcoin,15-11-2013,1,314.5575,328.4175,297.0825,313.4625,0,5029340000.0,0.5227,41.78
1080,bitcoin,BTC,Bitcoin,16-11-2013,1,312.96,337.695,311.6775,330.165,0,5005530000.0,0.7106,34.69
1081,bitcoin,BTC,Bitcoin,17-11-2013,1,330.71999999999997,375.435,330.18,369.0825,0,5291730000.0,0.8596,60.34
1082,bitcoin,BTC,Bitcoin,18-11-2013,1,372.435,527.835,371.205,527.67,0,5961500000.0,0.9989,208.84
1083,bitcoin,BTC,Bitcoin,19-11-2013,1,534.5699999999999,604.5825,342.2925,438.4575,0,8559550000.0,0.3666,349.72
1084,bitcoin,BTC,Bitcoin,20-11-2013,1,433.485,449.73749999999995,336.3375,443.12250000000006,0,6943300000.0,0.9417,151.2
1085,bitcoin,BTC,Bitcoin,21-11-2013,1,445.74,550.05,432.9675,541.8225,0,7142030000.0,0.9297,156.11
1086,bitcoin,BTC,Bitcoin,22-11-2013,1,543.0525,585.6375,501.09749999999997,578.58,0,8703970000.0,0.9165,112.72
1087,bitcoin,BTC,Bitcoin,23-11-2013,1,578.7750000000001,633.7275,578.7750000000001,598.365,0,9279850000.0,0.3565,73.27
1088,bitcoin,BTC,Bitcoin,24-11-2013,1,596.7225,605.52,542.1525,580.6875,0,9570990000.0,0.6081,84.49
1089,bitcoin,BTC,Bitcoin,25-11-2013,1,579.765,608.01,565.8225,599.3325,0,9302270000.0,0.7943,56.25
1090,bitcoin,BTC,Bitcoin,26-11-2013,1,604.2975,696.405,600.5999999999999,696.075,0,9699360000.0,0.9966,127.74
1091,bitcoin,BTC,Bitcoin,27-11-2013,1,692.8875,751.47,668.76,751.47,0,11124900000.0,1.0,110.28
1092,bitcoin,BTC,Bitcoin,28-11-2013,1,752.535,808.17,721.6274999999999,773.9625000000001,0,12100000000.0,0.6047,115.39
1093,bitcoin,BTC,Bitcoin,29-11-2013,1,781.5074999999999,860.2275,750.48,848.9775,0,12557100000.0,0.8975,146.33
1094,bitcoin,BTC,Bitcoin,30-11-2013,1,847.0274999999999,867.105,829.9575,847.0725,0,13614700000.0,0.4607,49.53
1095,bitcoin,BTC,Bitcoin,01-12-2013,1,846.69,849.81,601.365,716.8875,0,13614300000.0,0.465,331.26
1310,ripple,XRP,Ripple,04-08-2013,3,0.0044055,0.0044452499999999995,0.0044055,0.0044115000000000005,0,45921000.0,0.1509,0.0
1311,ripple,XRP,Ripple,05-08-2013,3,0.0044062500000000004,0.004485,0.00420975,0.00420975,0,45928400.0,0.0,0.0
1312,ripple,XRP,Ripple,06-08-2013,3,0.00422775,0.00424575,0.00347175,0.00351,0,44067600.0,0.0494,0.0
1313,ripple,XRP,Ripple,07-08-2013,3,0.0035017500000000005,0.0035115000000000003,0.00324975,0.0033127499999999997,0,36503500.0,0.2407,0.0
1314,ripple,XRP,Ripple,08-08-2013,3,0.00329775,0.0033179999999999998,0.00313125,0.0031904999999999998,0,34372500.0,0.3173,0.0
1315,ripple,XRP,Ripple,09-08-2013,3,0.0031927500000000003,0.0032752500000000004,0.00318975,0.0032182499999999998,0,33282700.0,0.3333,0.0
1316,ripple,XRP,Ripple,10-08-2013,3,0.0032182499999999998,0.0032745,0.00320925,0.0032355,0,33547500.0,0.4023,0.0
1317,ripple,XRP,Ripple,11-08-2013,3,0.0032355,0.0033157499999999997,0.003225,0.00331125,0,33725000.0,0.9504,0.0
1318,ripple,XRP,Ripple,12-08-2013,3,0.0033105,0.00339,0.00326925,0.00333675,0,34511100.0,0.559,0.0
1319,ripple,XRP,Ripple,13-08-2013,3,0.00334725,0.00334725,0.00312825,0.00318375,0,34893700.0,0.2534,0.0
1320,ripple,XRP,Ripple,14-08-2013,3,0.00320025,0.00320025,0.00283875,0.002841,0,33359300.0,0.0062,0.0
1321,ripple,XRP,Ripple,15-08-2013,3,0.002841,0.002853,0.0023002499999999998,0.002319,0,29615000.0,0.0339,0.0
1322,ripple,XRP,Ripple,16-08-2013,3,0.0023115,0.0023715,0.00215625,0.0023505,0,24092600.0,0.9024,0.0
1323,ripple,XRP,Ripple,17-08-2013,3,0.0023535,0.004262999999999999,0.0023535,0.00425325,0,24533400.0,0.9949,0.0
1324,ripple,XRP,Ripple,18-08-2013,3,0.00426525,0.00469725,0.00418875,0.0042127499999999995,0,44458200.0,0.0472,0.0
1325,ripple,XRP,Ripple,19-08-2013,3,0.0041902499999999995,0.0043792499999999995,0.003917250000000001,0.003945,0,43678200.0,0.0601,0.0
1326,ripple,XRP,Ripple,20-08-2013,3,0.004032,0.0046185,0.00398175,0.0045735,0,42031100.0,0.9293,0.0
1327,ripple,XRP,Ripple,21-08-2013,3,0.0045735,0.0047617499999999995,0.0044625,0.00459825,0,47675800.0,0.4536,0.0
1328,ripple,XRP,Ripple,22-08-2013,3,0.00459825,0.0046035,0.00385725,0.00385725,0,47928700.0,0.0,0.0
1329,ripple,XRP,Ripple,23-08-2013,3,0.0038842499999999997,0.0039239999999999995,0.00368925,0.00385425,0,40487300.0,0.7029,0.0
1330,ripple,XRP,Ripple,24-08-2013,3,0.00385425,0.00420225,0.0038445000000000003,0.0041595,0,40176000.0,0.8805,0.0
1331,ripple,XRP,Ripple,25-08-2013,3,0.0041445,0.004611,0.00413925,0.0045780000000000005,0,43198100.0,0.93,0.0
1332,ripple,XRP,Ripple,26-08-2013,3,0.0045780000000000005,0.00488025,0.00454875,0.00481275,0,47719500.0,0.7964,0.0
1333,ripple,XRP,Ripple,27-08-2013,3,0.004850999999999999,0.005202,0.00477975,0.004839,0,50569200.0,0.1403,0.0
1334,ripple,XRP,Ripple,28-08-2013,3,0.0048382500000000005,0.00484725,0.0045495,0.004684499999999999,0,50433400.0,0.4534,0.0
1335,ripple,XRP,Ripple,29-08-2013,3,0.004684499999999999,0.004684499999999999,0.004317,0.00432225,0,48829100.0,0.0143,0.0
1336,ripple,XRP,Ripple,30-08-2013,3,0.00432,0.004698,0.0042075,0.0044475,0,45034300.0,0.4893,0.0
1337,ripple,XRP,Ripple,31-08-2013,3,0.0044347499999999995,0.00456075,0.004182,0.004224,0,46223800.0,0.1109,0.0
1338,ripple,XRP,Ripple,01-09-2013,3,0.0042172500000000005,0.004404,0.0041805,0.0043402499999999995,0,43960300.0,0.7148,0.0
1339,ripple,XRP,Ripple,02-09-2013,3,0.004349250000000001,0.00458625,0.00413025,0.004146,0,45334600.0,0.0345,0.0
1340,ripple,XRP,Ripple,03-09-2013,3,0.0041385,0.00426975,0.00405375,0.004252499999999999,0,43139800.0,0.9201,0.0
1341,ripple,XRP,Ripple,04-09-2013,3,0.0042450000000000005,0.004707,0.00413025,0.004271250000000001,0,44248300.0,0.2445,0.0
1342,ripple,XRP,Ripple,05-09-2013,3,0.004272,0.00449325,0.0041055,0.00428625,0,44529800.0,0.4662,0.0
1343,ripple,XRP,Ripple,06-09-2013,3,0.00428775,0.00461325,0.00422025,0.0043995,0,44698500.0,0.4561,0.0
1344,ripple,XRP,Ripple,07-09-2013,3,0.0043897499999999996,0.0047025,0.004374,0.00462975,0,45756200.0,0.7785,0.0
1345,ripple,XRP,Ripple,08-09-2013,3,0.004629,0.0047279999999999996,0.0045899999999999995,0.00463725,0,48251900.0,0.3424,0.0
1346,ripple,XRP,Ripple,09-09-2013,3,0.00464475,0.004914,0.00455925,0.0047025,0,48417800.0,0.4038,0.0
1347,ripple,XRP,Ripple,10-09-2013,3,0.0047085,0.004749,0.00435525,0.004356,0,49079900.0,0.0019,0.0
1348,ripple,XRP,Ripple,11-09-2013,3,0.00435525,0.00479475,0.0042734999999999995,0.00470475,0,45397700.0,0.8273,0.0
1349,ripple,XRP,Ripple,12-09-2013,3,0.00471525,0.0048315,0.0045060000000000005,0.0047617499999999995,0,49152200.0,0.7857,0.0
1350,ripple,XRP,Ripple,13-09-2013,3,0.0047505,0.00504,0.004737,0.00488475,0,49521000.0,0.4876,0.0
1351,ripple,XRP,Ripple,14-09-2013,3,0.00488625,0.0049125,0.004716,0.0047550000000000005,0,50930100.0,0.1985,0.0
1352,ripple,XRP,Ripple,15-09-2013,3,0.0047617499999999995,0.004887,0.0047617499999999995,0.004854000000000001,0,49633200.0,0.7365,0.0
1353,ripple,XRP,Ripple,16-09-2013,3,0.004872,0.0053100000000000005,0.0046830000000000005,0.005292,0,50785700.0,0.9713,0.0
1354,ripple,XRP,Ripple,17-09-2013,3,0.0053145,0.0072435,0.0052935,0.00720975,0,55397400.0,0.9827,0.0
1355,ripple,XRP,Ripple,18-09-2013,3,0.00721275,0.00815325,0.0071962499999999995,0.0080865,0,75181400.0,0.9303,0.0
1356,ripple,XRP,Ripple,19-09-2013,3,0.008080500000000001,0.00836325,0.008080500000000001,0.0082185,0,84227600.0,0.4881,0.0
1357,ripple,XRP,Ripple,20-09-2013,3,0.0082215,0.008356500000000001,0.007562999999999999,0.00758475,0,85699700.0,0.0274,0.0
1358,ripple,XRP,Ripple,21-09-2013,3,0.0075795,0.00759225,0.007232250000000001,0.007275,0,79006800.0,0.1187,0.0
1359,ripple,XRP,Ripple,22-09-2013,3,0.0073005,0.007914000000000001,0.00726675,0.007804500000000001,0,76097500.0,0.8308,0.0
1360,ripple,XRP,Ripple,23-09-2013,3,0.007796249999999999,0.0080235,0.00749625,0.007506,0,81265400.0,0.0185,0.0
1361,ripple,XRP,Ripple,24-09-2013,3,0.0075120000000000004,0.00785025,0.00750675,0.007836000000000001,0,78301600.0,0.9585,0.0
1362,ripple,XRP,Ripple,25-09-2013,3,0.00784425,0.008046,0.00782475,0.00782475,0,81768100.0,0.0,0.0
1363,ripple,XRP,Ripple,26-09-2013,3,0.007824000000000001,0.0090705,0.007824000000000001,0.00878475,0,81557000.0,0.7708,0.0
1364,ripple,XRP,Ripple,27-09-2013,3,0.00882375,0.01100625,0.00882375,0.0109245,0,91973600.0,0.9625,0.0
1365,ripple,XRP,Ripple,28-09-2013,3,0.0112245,0.0112245,0.01033575,0.01037625,0,117006000.0,0.0456,0.0
1366,ripple,XRP,Ripple,29-09-2013,3,0.01038525,0.010690499999999999,0.009642,0.009651,0,108254000.0,0.0086,0.0
1367,ripple,XRP,Ripple,30-09-2013,3,0.0096375,0.0096375,0.007907250000000001,0.008199000000000001,0,100460000.0,0.1686,0.0
1368,ripple,XRP,Ripple,01-10-2013,3,0.008179500000000001,0.00933525,0.00788775,0.007896750000000001,0,85261900.0,0.0062,0.0
1369,ripple,XRP,Ripple,02-10-2013,3,0.0078885,0.0078885,0.0053595,0.005896499999999999,0,82231700.0,0.2123,0.0
1370,ripple,XRP,Ripple,03-10-2013,3,0.00583425,0.006834,0.005780250000000001,0.006834,0,60813300.0,1.0,0.0
1371,ripple,XRP,Ripple,04-10-2013,3,0.0066914999999999995,0.007509749999999999,0.0066914999999999995,0.00740475,0,69748000.0,0.8717,0.0
1372,ripple,XRP,Ripple,05-10-2013,3,0.007257,0.0073124999999999996,0.00684,0.007116,0,75642700.0,0.5841,0.0
1373,ripple,XRP,Ripple,06-10-2013,3,0.0071055,0.007949250000000001,0.0071055,0.007364249999999999,0,74066400.0,0.3067,0.0
1374,ripple,XRP,Ripple,07-10-2013,3,0.00725175,0.00725175,0.00689775,0.00693,0,75587700.0,0.0911,0.0
1375,ripple,XRP,Ripple,08-10-2013,3,0.00691875,0.0073117500000000005,0.0068355,0.007088249999999999,0,72120200.0,0.5307,0.0
1376,ripple,XRP,Ripple,09-10-2013,3,0.00707925,0.007310250000000001,0.00704325,0.00724725,0,73796500.0,0.764,0.0
1377,ripple,XRP,Ripple,10-10-2013,3,0.0072465,0.007586250000000001,0.007216500000000001,0.0073957499999999995,0,75533700.0,0.4848,0.0
1378,ripple,XRP,Ripple,11-10-2013,3,0.007413,0.007419750000000001,0.006687749999999999,0.006727500000000001,0,77269300.0,0.0543,0.0
1379,ripple,XRP,Ripple,12-10-2013,3,0.006684,0.007056,0.00636375,0.007036499999999999,0,69671600.0,0.9718,0.0
1380,ripple,XRP,Ripple,13-10-2013,3,0.007036499999999999,0.0070574999999999995,0.006138,0.0063089999999999995,0,73347800.0,0.186,0.0
1381,ripple,XRP,Ripple,14-10-2013,3,0.00636375,0.00657,0.006300750000000001,0.00636675,0,66332400.0,0.2451,0.0
1382,ripple,XRP,Ripple,15-10-2013,3,0.006378,0.006378,0.00595125,0.00603825,0,66484600.0,0.2039,0.0
1383,ripple,XRP,Ripple,16-10-2013,3,0.006051000000000001,0.0060982499999999995,0.00538275,0.00547875,0,63074800.0,0.1342,0.0
1384,ripple,XRP,Ripple,17-10-2013,3,0.0054735,0.006311250000000001,0.00546525,0.00625725,0,57051600.0,0.9362,0.0
1385,ripple,XRP,Ripple,18-10-2013,3,0.0062625,0.006324,0.0057345,0.0059565,0,65277700.0,0.3766,0.0
1386,ripple,XRP,Ripple,19-10-2013,3,0.005954999999999999,0.006018,0.00508425,0.005438999999999999,0,62073400.0,0.3799,0.0
1387,ripple,XRP,Ripple,20-10-2013,3,0.005415,0.0056775,0.004937250000000001,0.005025,0,56444800.0,0.1185,0.0
1388,ripple,XRP,Ripple,21-10-2013,3,0.00503025,0.005199,0.0049605,0.0049755,0,52433500.0,0.0629,0.0
1389,ripple,XRP,Ripple,22-10-2013,3,0.0049875,0.0052155,0.00489525,0.00513375,0,51991300.0,0.7447,0.0
1390,ripple,XRP,Ripple,23-10-2013,3,0.00512175,0.00590475,0.005097,0.00590475,0,53384500.0,1.0,0.0
1391,ripple,XRP,Ripple,24-10-2013,3,0.0059295,0.006609749999999999,0.00487575,0.006447,0,61808600.0,0.9061,0.0
1392,ripple,XRP,Ripple,25-10-2013,3,0.006427499999999999,0.0065595,0.0048795,0.005145,0,66998000.0,0.158,0.0
1393,ripple,XRP,Ripple,26-10-2013,3,0.0051660000000000005,0.0051660000000000005,0.0044925,0.004548,0,53850600.0,0.0824,0.0
1394,ripple,XRP,Ripple,27-10-2013,3,0.00453,0.0051315,0.00453,0.0051315,0,47218300.0,1.0,0.0
1395,ripple,XRP,Ripple,28-10-2013,3,0.0051255,0.0051255,0.0044565,0.0044565,0,53430600.0,0.0,0.0
1396,ripple,XRP,Ripple,29-10-2013,3,0.0044565,0.0045000000000000005,0.00435825,0.0044985,0,46453800.0,0.9894,0.0
1397,ripple,XRP,Ripple,30-10-2013,3,0.004510500000000001,0.00465675,0.00434775,0.0043905,0,47018500.0,0.1383,0.0
1398,ripple,XRP,Ripple,31-10-2013,3,0.0043897499999999996,0.00456975,0.00436725,0.00455475,0,45756500.0,0.9259,0.0
1399,ripple,XRP,Ripple,01-11-2013,3,0.0045562499999999995,0.0047669999999999995,0.0045179999999999994,0.00476475,0,47494500.0,0.991,0.0
1400,ripple,XRP,Ripple,02-11-2013,3,0.0047595,0.00513675,0.00466425,0.0051105,0,49616200.0,0.9444,0.0
1401,ripple,XRP,Ripple,03-11-2013,3,0.0051052499999999995,0.00553725,0.00507225,0.00537,0,53215000.0,0.6403,0.0
1402,ripple,XRP,Ripple,04-11-2013,3,0.0053602499999999996,0.0055875000000000005,0.005181,0.00525825,0,55876500.0,0.19,0.0
1403,ripple,XRP,Ripple,05-11-2013,3,0.0052605,0.00547875,0.004854000000000001,0.0053625,0,54838300.0,0.8139,0.0
1404,ripple,XRP,Ripple,06-11-2013,3,0.00535275,0.005874000000000001,0.00535275,0.005832,0,55794300.0,0.9194,0.0
1405,ripple,XRP,Ripple,07-11-2013,3,0.00581325,0.006784500000000001,0.00581175,0.00670425,0,60599400.0,0.9175,0.0
1406,ripple,XRP,Ripple,08-11-2013,3,0.00673725,0.008082,0.0067237500000000006,0.0080415,0,70229100.0,0.9702,0.0
1407,ripple,XRP,Ripple,09-11-2013,3,0.008009249999999999,0.00834675,0.0063022500000000006,0.006489749999999999,0,83484100.0,0.0917,0.0
1408,ripple,XRP,Ripple,10-11-2013,3,0.006644250000000001,0.00668025,0.005289,0.006456750000000001,0,69261400.0,0.8394,0.0
1409,ripple,XRP,Ripple,11-11-2013,3,0.006446250000000001,0.0069765,0.0061785,0.006510749999999999,0,67191600.0,0.4164,0.0
1410,ripple,XRP,Ripple,12-11-2013,3,0.00652275,0.007176,0.00650625,0.00716775,0,67988900.0,0.9877,0.0
1411,ripple,XRP,Ripple,13-11-2013,3,0.0071835,0.0087495,0.007173,0.0081345,0,74879700.0,0.6099,0.0
1412,ripple,XRP,Ripple,14-11-2013,3,0.008115,0.00839325,0.006978750000000001,0.0072345,0,84591900.0,0.1808,0.0
1413,ripple,XRP,Ripple,15-11-2013,3,0.007221,0.007586250000000001,0.00691575,0.007263749999999999,0,75271300.0,0.519,0.0
1414,ripple,XRP,Ripple,16-11-2013,3,0.00725175,0.00782175,0.0072225,0.007605,0,75592700.0,0.6383,0.0
1415,ripple,XRP,Ripple,17-11-2013,3,0.0076177499999999995,0.008002500000000001,0.0074849999999999995,0.0076567499999999995,0,79404000.0,0.3319,0.0
1416,ripple,XRP,Ripple,18-11-2013,3,0.00772575,0.00878925,0.006776249999999999,0.008188500000000001,0,80536000.0,0.7016,0.0
1417,ripple,XRP,Ripple,19-11-2013,3,0.0079515,0.008910749999999999,0.00417075,0.00541875,0,82888400.0,0.2633,0.01
1418,ripple,XRP,Ripple,20-11-2013,3,0.005350499999999999,0.00566025,0.0042645,0.005600249999999999,0,55771700.0,0.957,0.0
1419,ripple,XRP,Ripple,21-11-2013,3,0.00563325,0.007560000000000001,0.005472,0.0074512499999999995,0,58718600.0,0.9479,0.0
1420,ripple,XRP,Ripple,22-11-2013,3,0.0074684999999999994,0.0074849999999999995,0.006447,0.00728775,0,77849100.0,0.81,0.0
1421,ripple,XRP,Ripple,23-11-2013,3,0.007166249999999999,0.00791025,0.007166249999999999,0.007348499999999999,0,74696500.0,0.245,0.0
1422,ripple,XRP,Ripple,24-11-2013,3,0.00732975,0.008858999999999999,0.006797999999999999,0.008751,0,76403900.0,0.9476,0.0
1423,ripple,XRP,Ripple,25-11-2013,3,0.0088065,0.013832999999999998,0.0088065,0.013655999999999998,0,91799200.0,0.9648,0.01
1424,ripple,XRP,Ripple,26-11-2013,3,0.0141435,0.022796249999999997,0.014069250000000002,0.02243475,0,147429000.0,0.9586,0.01
1425,ripple,XRP,Ripple,27-11-2013,3,0.02249325,0.02249325,0.0167625,0.018071999999999998,0,234464000.0,0.2285,0.01
1426,ripple,XRP,Ripple,28-11-2013,3,0.02090925,0.02258325,0.0208785,0.021735749999999998,0,217958000.0,0.5029,0.0
1427,ripple,XRP,Ripple,29-11-2013,3,0.021948,0.023670749999999997,0.0212745,0.0232395,0,228781000.0,0.82,0.0
1428,ripple,XRP,Ripple,30-11-2013,3,0.023175,0.028789500000000003,0.0227535,0.028789500000000003,0,241572000.0,1.0,0.01
1429,ripple,XRP,Ripple,01-12-2013,3,0.02937,0.04127175,0.02937,0.03862275,0,306152000.0,0.7774,0.02
1430,ripple,XRP,Ripple,02-12-2013,3,0.039288000000000003,0.045951000000000006,0.03910425,0.041439000000000004,0,409530000.0,0.341,0.01
1431,ripple,XRP,Ripple,03-12-2013,3,0.04156125,0.04156125,0.036057,0.036504,0,433226000.0,0.0812,0.01
1432,ripple,XRP,Ripple,04-12-2013,3,0.036413249999999994,0.0441345,0.036198,0.044019,0,379569000.0,0.9854,0.01
1433,ripple,XRP,Ripple,05-12-2013,3,0.044079,0.04608375,0.0366915,0.04136475,0,459470000.0,0.4976,0.01
1434,ripple,XRP,Ripple,06-12-2013,3,0.04125675,0.04125675,0.03165825,0.03165825,0,430054000.0,0.0,0.01
1435,ripple,XRP,Ripple,07-12-2013,3,0.031656000000000004,0.0326925,0.023439750000000002,0.0247995,0,329974000.0,0.147,0.01
1436,ripple,XRP,Ripple,08-12-2013,3,0.024567,0.02765175,0.023695499999999998,0.027342,0,256084000.0,0.9217,0.01
1437,ripple,XRP,Ripple,09-12-2013,3,0.027270749999999996,0.03111825,0.026776499999999998,0.0291975,0,284264000.0,0.5576,0.01
1438,ripple,XRP,Ripple,10-12-2013,3,0.0291675,0.0331305,0.0291675,0.032838,0,304037000.0,0.9262,0.01
1439,ripple,XRP,Ripple,11-12-2013,3,0.032863500000000004,0.0332565,0.027241500000000002,0.02845275,0,342565000.0,0.2014,0.01
1440,ripple,XRP,Ripple,12-12-2013,3,0.028591500000000002,0.029123999999999997,0.025680750000000002,0.0259875,0,298030000.0,0.0891,0.0
1441,ripple,XRP,Ripple,13-12-2013,3,0.02598675,0.02767275,0.0254415,0.02635875,0,270879000.0,0.4111,0.0
1442,ripple,XRP,Ripple,14-12-2013,3,0.02657325,0.02657325,0.023955000000000004,0.023955000000000004,0,276998000.0,0.0,0.0
1443,ripple,XRP,Ripple,15-12-2013,3,0.02402925,0.02402925,0.0213105,0.02185275,0,250477000.0,0.1994,0.0
1444,ripple,XRP,Ripple,16-12-2013,3,0.021908999999999998,0.021957,0.0156465,0.01617375,0,228375000.0,0.0836,0.01
1445,ripple,XRP,Ripple,17-12-2013,3,0.01604925,0.016209,0.01353225,0.01373475,0,167292000.0,0.0757,0.0
1446,ripple,XRP,Ripple,18-12-2013,3,0.01347825,0.01392825,0.009243749999999998,0.011889,0,140495000.0,0.5647,0.01
1447,ripple,XRP,Ripple,19-12-2013,3,0.011837249999999999,0.0161595,0.01148475,0.01580475,0,123390000.0,0.9241,0.01
1448,ripple,XRP,Ripple,20-12-2013,3,0.015855750000000002,0.017459250000000003,0.014889000000000001,0.01563825,0,165276000.0,0.2915,0.0
1449,ripple,XRP,Ripple,21-12-2013,3,0.01573425,0.016929,0.01522875,0.016263,0,164010000.0,0.6083,0.0
1450,ripple,XRP,Ripple,22-12-2013,3,0.016178249999999998,0.01787925,0.015719249999999997,0.016287,0,168637000.0,0.2628,0.0
1451,ripple,XRP,Ripple,23-12-2013,3,0.016178249999999998,0.01797375,0.01611375,0.0177765,0,168640000.0,0.894,0.0
1452,ripple,XRP,Ripple,24-12-2013,3,0.0177735,0.018092999999999998,0.01672875,0.016931250000000002,0,185269000.0,0.1484,0.0
1453,ripple,XRP,Ripple,25-12-2013,3,0.01695,0.01695,0.0160755,0.016531499999999998,0,176680000.0,0.5214,0.0
1454,ripple,XRP,Ripple,26-12-2013,3,0.016572749999999997,0.01866825,0.016572749999999997,0.01828875,0,172756000.0,0.8189,0.0
1455,ripple,XRP,Ripple,27-12-2013,3,0.01832025,0.02034225,0.01764525,0.020307,148422,190964000.0,0.9869,0.0
1456,ripple,XRP,Ripple,28-12-2013,3,0.0206655,0.0210795,0.01997175,0.020477250000000002,143404,215413000.0,0.4563,0.0
1457,ripple,XRP,Ripple,29-12-2013,3,0.020483249999999998,0.02065125,0.019970250000000002,0.0204135,56772,213518000.0,0.6509,0.0
1458,ripple,XRP,Ripple,30-12-2013,3,0.02029125,0.0208125,0.02023875,0.020595,72634,211515000.0,0.6209,0.0
1459,ripple,XRP,Ripple,31-12-2013,3,0.02075625,0.0208035,0.0202665,0.020497500000000002,63621,216359000.0,0.4302,0.0
1460,ripple,XRP,Ripple,01-01-2014,3,0.02052375,0.0208575,0.020111249999999997,0.020208,58533,213937000.0,0.1296,0.0
1461,ripple,XRP,Ripple,02-01-2014,3,0.0202605,0.022072500000000002,0.01982925,0.0215445,128914,211195000.0,0.7646,0.0
1462,ripple,XRP,Ripple,03-01-2014,3,0.02159175,0.021763499999999998,0.02049,0.02072025,89780,225065000.0,0.1808,0.0
1463,ripple,XRP,Ripple,04-01-2014,3,0.02083575,0.02127825,0.0200955,0.02109675,60973,217189000.0,0.8465,0.0
1464,ripple,XRP,Ripple,05-01-2014,3,0.021073500000000002,0.02225025,0.0186675,0.01892175,200438,219665000.0,0.071,0.0
1465,ripple,XRP,Ripple,06-01-2014,3,0.0189735,0.02053875,0.018207,0.019275,184478,197774000.0,0.458,0.0
1466,ripple,XRP,Ripple,07-01-2014,3,0.01934925,0.019806749999999998,0.017239499999999998,0.017239499999999998,73761,201691000.0,0.0,0.0
1467,ripple,XRP,Ripple,08-01-2014,3,0.017118750000000002,0.01854225,0.01669275,0.01742025,82941,178440000.0,0.3933,0.0
1468,ripple,XRP,Ripple,09-01-2014,3,0.017247,0.017532,0.01589625,0.016776,100357,179784000.0,0.5378,0.0
1469,ripple,XRP,Ripple,10-01-2014,3,0.016775250000000002,0.017177249999999998,0.016308,0.01712775,64111,174864000.0,0.9431,0.0
1470,ripple,XRP,Ripple,11-01-2014,3,0.01704075,0.01817475,0.016931250000000002,0.01801425,70390,177631000.0,0.8709,0.0
1471,ripple,XRP,Ripple,12-01-2014,3,0.0181215,0.018297,0.016533,0.016533,42581,188894000.0,0.0,0.0
1472,ripple,XRP,Ripple,13-01-2014,3,0.01647075,0.016494,0.01549275,0.016248,15328,171688000.0,0.7543,0.0
1473,ripple,XRP,Ripple,14-01-2014,3,0.016293000000000002,0.0165,0.015774,0.0158895,41916,169835000.0,0.1591,0.0
1474,ripple,XRP,Ripple,15-01-2014,3,0.015886499999999998,0.0167955,0.015841499999999998,0.01666575,25189,165599000.0,0.864,0.0
1475,ripple,XRP,Ripple,16-01-2014,3,0.01665375,0.016757249999999998,0.015768,0.015768,58851,173599000.0,0.0,0.0
1476,ripple,XRP,Ripple,17-01-2014,3,0.0157425,0.015861,0.0150735,0.0153975,72572,164096000.0,0.4114,0.0
1477,ripple,XRP,Ripple,18-01-2014,3,0.01541925,0.0160305,0.01541925,0.0159585,21242,160724000.0,0.8822,0.0
1478,ripple,XRP,Ripple,19-01-2014,3,0.0159855,0.016065000000000003,0.01524975,0.01565625,69842,166631000.0,0.4986,0.0
1479,litecoin,LTC,Litecoin,28-04-2013,6,3.2249999999999996,3.3000000000000003,3.135,3.2624999999999997,0,73773400.0,0.7727,0.22
1480,litecoin,LTC,Litecoin,29-04-2013,6,3.2775,3.4275,3.1725000000000003,3.285,0,74952700.0,0.4412,0.34
1481,litecoin,LTC,Litecoin,30-04-2013,6,3.3000000000000003,3.4275,3.1275,3.2249999999999996,0,75726800.0,0.325,0.4
1482,litecoin,LTC,Litecoin,01-05-2013,6,3.2175000000000002,3.2700000000000005,2.64,2.8499999999999996,0,73901200.0,0.3333,0.84
1483,litecoin,LTC,Litecoin,02-05-2013,6,2.835,3.0300000000000002,2.2575,2.5275,0,65242700.0,0.3495,1.03
1484,litecoin,LTC,Litecoin,03-05-2013,6,2.5425,2.5875000000000004,1.7999999999999998,2.2800000000000002,0,58607400.0,0.6095,1.05
1485,litecoin,LTC,Litecoin,04-05-2013,6,2.2725,2.73,2.175,2.61,0,52476400.0,0.7838,0.74
1486,litecoin,LTC,Litecoin,05-05-2013,6,2.6175,2.7675,2.5125,2.6925,0,60525000.0,0.7059,0.34
1487,litecoin,LTC,Litecoin,06-05-2013,6,2.6925,2.835,2.34,2.5275,0,62356000.0,0.3788,0.66
1488,litecoin,LTC,Litecoin,07-05-2013,6,2.5275,2.5575,2.205,2.4975,0,58588300.0,0.8298,0.47
1489,litecoin,LTC,Litecoin,08-05-2013,6,2.46,2.6175,2.46,2.5575,0,57196300.0,0.619,0.21
1490,litecoin,LTC,Litecoin,09-05-2013,6,2.55,2.58,2.4675000000000002,2.565,0,59337100.0,0.8667,0.15
1491,litecoin,LTC,Litecoin,10-05-2013,6,2.5575,2.7225,2.5275,2.58,0,59588000.0,0.2692,0.26
1492,litecoin,LTC,Litecoin,11-05-2013,6,2.5949999999999998,2.61,2.4749999999999996,2.5125,0,60658000.0,0.2778,0.18
1493,litecoin,LTC,Litecoin,12-05-2013,6,2.52,2.565,2.415,2.4525,0,59052900.0,0.25,0.2
1494,litecoin,LTC,Litecoin,13-05-2013,6,2.445,2.5275,2.4000000000000004,2.46,0,57363200.0,0.4706,0.17
1495,litecoin,LTC,Litecoin,14-05-2013,6,2.46,2.4975,2.085,2.1149999999999998,0,57812000.0,0.0727,0.55
1496,litecoin,LTC,Litecoin,15-05-2013,6,2.1149999999999998,2.2800000000000002,1.98,2.205,0,49842500.0,0.75,0.4
1497,litecoin,LTC,Litecoin,16-05-2013,6,2.1975000000000002,2.2275,2.0175,2.19,0,51790900.0,0.8214,0.28
1498,litecoin,LTC,Litecoin,17-05-2013,6,2.1675,2.505,2.1525,2.3925,0,51195900.0,0.6809,0.47
1499,litecoin,LTC,Litecoin,18-05-2013,6,2.4000000000000004,2.52,2.3475,2.4675000000000002,0,56721100.0,0.6957,0.23
1500,litecoin,LTC,Litecoin,19-05-2013,6,2.4749999999999996,2.5575,2.3925,2.4749999999999996,0,58645400.0,0.5,0.22
1501,litecoin,LTC,Litecoin,20-05-2013,6,2.4825,2.4899999999999998,2.3625,2.3850000000000002,0,58962900.0,0.1765,0.17
1502,litecoin,LTC,Litecoin,21-05-2013,6,2.3925,2.415,2.2800000000000002,2.3175,0,56887600.0,0.2778,0.18
1503,litecoin,LTC,Litecoin,22-05-2013,6,2.3175,2.355,2.2725,2.34,0,55165300.0,0.8182,0.11
1504,litecoin,LTC,Litecoin,23-05-2013,6,2.34,2.3925,2.3175,2.3850000000000002,0,55727000.0,0.9,0.1
1505,litecoin,LTC,Litecoin,24-05-2013,6,2.3775,2.3925,2.2800000000000002,2.3850000000000002,0,56747200.0,0.9333,0.15
1506,litecoin,LTC,Litecoin,25-05-2013,6,2.3925,2.4000000000000004,2.2874999999999996,2.34,0,57165800.0,0.4667,0.15
1507,litecoin,LTC,Litecoin,26-05-2013,6,2.34,2.4975,2.3175,2.4375,0,56123900.0,0.6667,0.24
1508,litecoin,LTC,Litecoin,27-05-2013,6,2.4225,2.445,2.265,2.325,0,58130800.0,0.3333,0.24
1509,litecoin,LTC,Litecoin,28-05-2013,6,2.325,2.3475,2.265,2.3175,0,55916500.0,0.6364,0.11
1510,litecoin,LTC,Litecoin,29-05-2013,6,2.3175,2.34,2.265,2.325,0,55814300.0,0.8,0.1
1511,litecoin,LTC,Litecoin,30-05-2013,6,2.31,2.3175,2.16,2.2275,0,55640200.0,0.4286,0.21
1512,litecoin,LTC,Litecoin,31-05-2013,6,2.2275,2.2425,2.0175,2.2199999999999998,0,53813700.0,0.9,0.3
1513,litecoin,LTC,Litecoin,01-06-2013,6,2.205,2.2275,2.0999999999999996,2.1225,0,53372200.0,0.1765,0.17
1514,litecoin,LTC,Litecoin,02-06-2013,6,2.1225,2.145,1.92,2.0475,0,51378100.0,0.5667,0.3
1515,litecoin,LTC,Litecoin,03-06-2013,6,2.0475,2.0625,1.9575,2.0475,0,49688400.0,0.8571,0.14
1516,litecoin,LTC,Litecoin,04-06-2013,6,2.0250000000000004,2.175,2.0250000000000004,2.1525,0,49268800.0,0.85,0.2
1517,litecoin,LTC,Litecoin,05-06-2013,6,2.1525,2.2425,2.1075,2.145,0,52338100.0,0.2778,0.18
1518,litecoin,LTC,Litecoin,06-06-2013,6,2.16,2.1825,2.055,2.0625,0,52595600.0,0.0588,0.17
1519,litecoin,LTC,Litecoin,07-06-2013,6,2.085,2.0925000000000002,1.8824999999999998,1.9500000000000002,0,50890900.0,0.3214,0.28
1520,litecoin,LTC,Litecoin,08-06-2013,6,1.9500000000000002,1.995,1.905,1.92,0,47770700.0,0.1667,0.12
1521,litecoin,LTC,Litecoin,09-06-2013,6,1.9124999999999999,1.9425,1.5524999999999998,1.785,0,46911500.0,0.5962,0.52
1522,litecoin,LTC,Litecoin,10-06-2013,6,1.785,1.935,1.6949999999999998,1.8675000000000002,0,43883900.0,0.7188,0.32
1523,litecoin,LTC,Litecoin,11-06-2013,6,1.8675000000000002,1.875,1.6350000000000002,1.7999999999999998,0,45951500.0,0.6875,0.32
1524,litecoin,LTC,Litecoin,12-06-2013,6,1.8075,1.8375000000000001,1.7325,1.785,0,44532400.0,0.5,0.14
1525,litecoin,LTC,Litecoin,13-06-2013,6,1.7999999999999998,1.8675000000000002,1.6724999999999999,1.7025000000000001,0,44356700.0,0.1538,0.26
1526,litecoin,LTC,Litecoin,14-06-2013,6,1.7025000000000001,1.7175,1.5675,1.5975,0,42035700.0,0.2,0.2
1527,litecoin,LTC,Litecoin,15-06-2013,6,1.605,1.6575,1.5374999999999999,1.5825,0,39693000.0,0.375,0.16
1528,litecoin,LTC,Litecoin,16-06-2013,6,1.5675,1.6124999999999998,1.5150000000000001,1.5975,0,38754600.0,0.8462,0.13
1529,litecoin,LTC,Litecoin,17-06-2013,6,1.605,1.7175,1.5675,1.71,0,39791100.0,0.95,0.2
1530,litecoin,LTC,Litecoin,18-06-2013,6,1.71,1.7775,1.6425,1.7325,0,42507000.0,0.6667,0.18
1531,litecoin,LTC,Litecoin,19-06-2013,6,1.7249999999999999,1.755,1.6875,1.7249999999999999,0,43009600.0,0.5556,0.09
1532,litecoin,LTC,Litecoin,20-06-2013,6,1.7249999999999999,1.7999999999999998,1.7025000000000001,1.7175,0,42968900.0,0.1538,0.13
1533,litecoin,LTC,Litecoin,21-06-2013,6,1.7475,2.1525,1.7025000000000001,2.1525,0,43568400.0,1.0,0.6
1534,litecoin,LTC,Litecoin,22-06-2013,6,2.145,2.685,1.995,2.19,0,53719800.0,0.2826,0.92
1535,litecoin,LTC,Litecoin,23-06-2013,6,2.175,2.505,2.175,2.34,0,54440600.0,0.5,0.44
1536,litecoin,LTC,Litecoin,24-06-2013,6,2.3475,2.3625,2.0324999999999998,2.1525,0,58990400.0,0.3636,0.44
1537,litecoin,LTC,Litecoin,25-06-2013,6,2.1375,2.1825,2.0775,2.1149999999999998,0,53693400.0,0.3571,0.14
1538,litecoin,LTC,Litecoin,26-06-2013,6,2.1075,2.2125000000000004,2.0625,2.145,0,52981700.0,0.55,0.2
1539,litecoin,LTC,Litecoin,27-06-2013,6,2.16,2.2725,2.13,2.265,0,54479500.0,0.9474,0.19
1540,litecoin,LTC,Litecoin,28-06-2013,6,2.2800000000000002,2.2800000000000002,2.0025,2.0625,0,57524700.0,0.2162,0.37
1541,litecoin,LTC,Litecoin,29-06-2013,6,2.07,2.1975000000000002,2.0250000000000004,2.0925000000000002,0,52385700.0,0.3913,0.23
1542,litecoin,LTC,Litecoin,30-06-2013,6,2.0925000000000002,2.25,2.0775,2.235,0,52983200.0,0.913,0.23
1543,litecoin,LTC,Litecoin,01-07-2013,6,2.2575,2.4749999999999996,2.16,2.2125000000000004,0,57266300.0,0.1667,0.42
1544,litecoin,LTC,Litecoin,02-07-2013,6,2.2125000000000004,2.2725,2.1075,2.1225,0,56226500.0,0.0909,0.22
1545,litecoin,LTC,Litecoin,03-07-2013,6,2.1375,2.2725,1.9575,1.965,0,54356500.0,0.0238,0.42
1546,litecoin,LTC,Litecoin,04-07-2013,6,2.0100000000000002,2.085,1.8675000000000002,2.0475,0,51159000.0,0.8276,0.29
1547,litecoin,LTC,Litecoin,05-07-2013,6,2.0324999999999998,2.04,1.7475,1.8225000000000002,0,51849500.0,0.2564,0.39
1548,litecoin,LTC,Litecoin,06-07-2013,6,1.815,1.965,1.7775,1.8900000000000001,0,46474600.0,0.6,0.25
1549,litecoin,LTC,Litecoin,07-07-2013,6,1.845,1.995,1.785,1.995,0,47204600.0,1.0,0.28
1550,litecoin,LTC,Litecoin,08-07-2013,6,2.0324999999999998,2.055,1.8675000000000002,1.9575,0,52149300.0,0.48,0.25
1551,litecoin,LTC,Litecoin,09-07-2013,6,1.935,1.9874999999999998,1.8599999999999999,1.9575,0,49803200.0,0.7647,0.17
1552,litecoin,LTC,Litecoin,10-07-2013,6,1.9575,2.1075,1.935,2.1075,0,50357000.0,1.0,0.23
1553,litecoin,LTC,Litecoin,11-07-2013,6,2.13,2.1525,1.98,2.0475,0,54838700.0,0.3913,0.23
1554,litecoin,LTC,Litecoin,12-07-2013,6,2.04,2.1825,2.0250000000000004,2.0925000000000002,0,52706200.0,0.4286,0.21
1555,litecoin,LTC,Litecoin,13-07-2013,6,2.1075,2.1825,2.0025,2.175,0,54422000.0,0.9583,0.24
1556,litecoin,LTC,Litecoin,14-07-2013,6,2.1975000000000002,2.2275,2.085,2.1825,0,56845500.0,0.6842,0.19
1557,litecoin,LTC,Litecoin,15-07-2013,6,2.1525,2.295,2.1375,2.235,0,55861000.0,0.619,0.21
1558,litecoin,LTC,Litecoin,16-07-2013,6,2.25,2.3850000000000002,2.2125000000000004,2.325,0,58400000.0,0.6522,0.23
1559,litecoin,LTC,Litecoin,17-07-2013,6,2.31,2.3775,2.295,2.3625,0,59995800.0,0.8182,0.11
1560,litecoin,LTC,Litecoin,18-07-2013,6,2.3625,2.3625,2.07,2.1675,0,61435200.0,0.3333,0.39
1561,litecoin,LTC,Litecoin,19-07-2013,6,2.16,2.2874999999999996,2.0999999999999996,2.2199999999999998,0,56367600.0,0.64,0.25
1562,litecoin,LTC,Litecoin,20-07-2013,6,2.2199999999999998,2.2575,2.145,2.145,0,58032500.0,0.0,0.15
1563,litecoin,LTC,Litecoin,21-07-2013,6,2.1525,2.2125000000000004,2.1075,2.19,0,56298200.0,0.7857,0.14
1564,litecoin,LTC,Litecoin,22-07-2013,6,2.2125000000000004,2.2125000000000004,2.145,2.1675,0,57698700.0,0.3333,0.09
1565,litecoin,LTC,Litecoin,23-07-2013,6,2.1675,2.2575,2.16,2.2425,0,56792800.0,0.8462,0.13
1566,litecoin,LTC,Litecoin,24-07-2013,6,2.2425,2.2425,2.16,2.205,0,58868500.0,0.5455,0.11
1567,litecoin,LTC,Litecoin,25-07-2013,6,2.2125000000000004,2.265,2.19,2.2275,0,58178300.0,0.5,0.1
1568,litecoin,LTC,Litecoin,26-07-2013,6,2.235,2.2425,2.1225,2.175,0,58943000.0,0.4375,0.16
1569,litecoin,LTC,Litecoin,27-07-2013,6,2.175,2.205,2.13,2.16,0,57328700.0,0.4,0.1
1570,litecoin,LTC,Litecoin,28-07-2013,6,2.16,2.2725,2.13,2.235,0,57167200.0,0.7368,0.19
1571,litecoin,LTC,Litecoin,29-07-2013,6,2.205,2.2800000000000002,2.205,2.2199999999999998,0,58407100.0,0.2,0.1
1572,litecoin,LTC,Litecoin,30-07-2013,6,2.2275,2.25,2.16,2.2425,0,59070500.0,0.9167,0.12
1573,litecoin,LTC,Litecoin,31-07-2013,6,2.25,2.2725,2.13,2.1525,0,59718400.0,0.1579,0.19
1574,litecoin,LTC,Litecoin,01-08-2013,6,2.1525,2.2575,2.1375,2.1825,0,57264600.0,0.375,0.16
1575,litecoin,LTC,Litecoin,02-08-2013,6,2.205,2.2275,2.1149999999999998,2.13,0,58698900.0,0.1333,0.15
1576,litecoin,LTC,Litecoin,03-08-2013,6,2.13,2.34,2.1075,2.2199999999999998,0,56787100.0,0.4839,0.31
1577,litecoin,LTC,Litecoin,04-08-2013,6,2.2575,2.2874999999999996,2.205,2.2575,0,60240700.0,0.6364,0.11
1578,litecoin,LTC,Litecoin,05-08-2013,6,2.25,2.2725,2.1149999999999998,2.1225,0,60085300.0,0.0476,0.21
1579,litecoin,LTC,Litecoin,06-08-2013,6,2.13,2.175,2.0925000000000002,2.1149999999999998,0,57073600.0,0.2727,0.11
1580,litecoin,LTC,Litecoin,07-08-2013,6,2.1149999999999998,2.1149999999999998,2.0250000000000004,2.07,0,56705800.0,0.5,0.12
1581,litecoin,LTC,Litecoin,08-08-2013,6,2.0625,2.1075,2.0025,2.0250000000000004,0,55423400.0,0.2143,0.14
1582,litecoin,LTC,Litecoin,09-08-2013,6,2.0324999999999998,2.07,1.995,2.0100000000000002,0,54639500.0,0.2,0.1
1583,litecoin,LTC,Litecoin,10-08-2013,6,2.0175,2.0324999999999998,1.92,1.92,0,54201200.0,0.0,0.15
1584,litecoin,LTC,Litecoin,11-08-2013,6,1.9124999999999999,2.04,1.8975,2.0175,0,51564700.0,0.8421,0.19
1585,litecoin,LTC,Litecoin,12-08-2013,6,2.0175,2.04,1.935,1.9874999999999998,0,54534200.0,0.5,0.14
1586,litecoin,LTC,Litecoin,13-08-2013,6,1.995,2.07,1.965,2.055,0,53831200.0,0.8571,0.14
